Mehedi Hasan-mehedi-mehedi12-mehedi12
Mahadi Hasan-mahadi-mahadi12-mahadi12
SH Jobayer-jobayer-jobayer12-jobayer12
Ritu Apu-ritu-ritu12-ritu12
Mahi-mahi-mahi12-mahi12
Nanjil-nanjil-nanjil12-nanjil12
as-as-1234-1234
